txn_id,user_id,amount,currency,timestamp,status
TXN_1000,USER_52,2998.53,USD,2026-03-12 11:26:12.251848,failed
TXN_1001,USER_93,1146.2,GBP,2026-03-12 16:46:12.252172,success
TXN_1002,USER_15,2441.06,GBP,2026-03-12 19:29:12.252200,failed
TXN_1003,USER_72,1584.78,USD,2026-03-12 14:36:12.252211,failed
TXN_1004,USER_61,4661.83,EUR,2026-03-12 08:33:12.252220,pending
TXN_1005,USER_21,-61.57,USD,2026-03-12 06:23:12.252230,pending
TXN_1006,USER_83,1049.2,USD,2026-03-12 05:53:12.252250,pending
TXN_1007,USER_87,1763.32,USD,2026-03-12 05:42:12.252259,success
TXN_1008,USER_75,2387.83,USD,2026-03-12 20:35:12.252267,success
TXN_1009,USER_75,4239.17,USD,2026-03-12 11:54:12.252276,pending
TXN_1010,USER_88,348.23,USD,2026-03-12 08:00:12.252284,pending
TXN_1011,USER_24,4009.91,USD,2026-03-12 19:22:12.252293,success
TXN_1012,USER_3,183.83,USD,2026-03-12 09:46:12.252301,success
TXN_1013,USER_22,4195.8,USD,2026-03-12 19:33:12.252310,success
TXN_1014,USER_53,163.34,EUR,2026-03-12 07:10:12.252319,success
TXN_1015,USER_2,-6.96,USD,2026-03-12 10:07:12.252327,pending
TXN_1016,USER_88,3454.5,USD,2026-03-12 09:19:12.252335,success
TXN_1017,USER_30,4986.0,EUR,2026-03-12 17:52:12.252344,pending
TXN_1018,USER_38,4472.71,USD,2026-03-12 08:51:12.252352,failed
TXN_1019,USER_2,2837.59,USD,2026-03-12 17:41:12.252361,failed
TXN_1020,USER_64,4578.72,USD,2026-03-12 22:12:12.252369,success
TXN_1021,USER_60,-72.97,USD,2026-03-12 21:47:12.252378,failed
TXN_1022,USER_21,4872.84,INVALID,2026-03-12 16:49:12.252386,failed
TXN_1023,USER_33,2402.82,USD,2026-03-12 06:35:12.252395,failed
TXN_1024,USER_76,3586.77,GBP,2026-03-12 19:46:12.252403,success
TXN_1025,USER_58,4086.39,USD,2026-03-12 13:15:12.252412,success
TXN_1026,USER_22,3564.13,USD,2026-03-12 14:07:12.252420,failed
TXN_1027,USER_89,2628.69,USD,2026-03-12 08:33:12.252429,pending
TXN_1028,USER_49,2330.76,USD,2026-03-12 14:57:12.252437,failed
TXN_1029,USER_91,4176.77,USD,2026-03-12 21:10:12.252445,success
TXN_1030,USER_59,945.9,GBP,2026-03-12 16:19:12.252453,success
TXN_1031,USER_42,4836.77,EUR,2026-03-12 13:22:12.252461,success
TXN_1032,USER_92,3525.86,USD,2026-03-12 18:03:12.252470,failed
TXN_1033,USER_60,917.49,INVALID,2026-03-12 18:20:12.252479,pending
TXN_1034,USER_80,3654.86,EUR,2026-03-12 18:28:12.252487,success
TXN_1035,USER_15,2602.18,USD,2026-03-12 13:30:12.252495,success
TXN_1036,USER_62,3506.87,USD,2026-03-12 17:02:12.252503,failed
TXN_1037,USER_62,3815.68,USD,2026-03-12 21:26:12.252512,pending
TXN_1038,USER_47,345.18,USD,2026-03-12 20:17:12.252520,failed
TXN_1039,USER_62,2481.13,USD,2026-03-12 21:21:12.252528,success
TXN_1040,USER_51,4653.27,USD,2026-03-12 11:25:12.252536,pending
TXN_1041,USER_55,1535.28,EUR,2026-03-12 12:50:12.252545,pending
TXN_1042,USER_64,2928.8,USD,2026-03-12 21:31:12.252554,success
TXN_1043,USER_3,1783.08,USD,2026-03-12 08:40:12.252562,pending
TXN_1044,USER_51,2216.77,GBP,2026-03-12 21:22:12.252570,pending
TXN_1045,USER_7,2697.88,GBP,2026-03-12 12:29:12.252578,failed
TXN_1046,USER_21,2699.5,USD,2026-03-12 12:57:12.252587,success
TXN_1047,USER_73,928.83,GBP,2026-03-12 13:30:12.252595,success
TXN_1048,USER_39,3391.31,USD,2026-03-12 10:58:12.252603,success
TXN_1049,USER_18,348.13,USD,2026-03-12 20:33:12.252611,success
TXN_1050,USER_4,608.01,USD,2026-03-12 09:03:12.252620,success
TXN_1051,USER_89,-86.17,USD,2026-03-12 09:25:12.252628,pending
TXN_1052,USER_60,495.15,USD,2026-03-12 05:53:12.252636,failed
TXN_1053,USER_14,2313.15,USD,2026-03-12 08:06:12.252645,success
TXN_1054,USER_9,2991.12,USD,2026-03-12 07:47:12.252714,failed
TXN_1055,USER_90,3950.88,USD,2026-03-12 15:37:12.252763,failed
TXN_1056,USER_53,444.17,USD,2026-03-12 19:57:12.252779,pending
TXN_1057,USER_2,4238.71,EUR,2026-03-12 11:00:12.252853,success
TXN_1058,USER_84,3704.47,USD,2026-03-12 06:54:12.252879,pending
TXN_1059,USER_92,1983.44,USD,2026-03-12 15:48:12.252891,success
TXN_1060,USER_60,,USD,2026-03-12 20:24:12.252900,pending
TXN_1061,USER_71,,USD,2026-03-12 12:01:12.252908,failed
TXN_1062,USER_44,945.51,USD,2026-03-12 21:58:12.252916,success
TXN_1063,USER_8,1834.07,EUR,2026-03-12 09:15:12.252925,failed
TXN_1064,USER_47,4624.89,USD,2026-03-12 19:13:12.252934,failed
TXN_1065,USER_35,3580.14,USD,2026-03-12 07:31:12.252943,pending
TXN_1066,USER_78,145.28,USD,2026-03-12 13:19:12.252952,success
TXN_1067,USER_81,3885.72,USD,2026-03-12 13:14:12.252961,failed
TXN_1068,USER_36,4122.5,USD,2026-03-12 19:24:12.252969,pending
TXN_1069,USER_50,3727.56,USD,2026-03-12 15:26:12.252977,success
TXN_1070,USER_4,3977.64,USD,2026-03-12 09:55:12.252986,success
TXN_1071,USER_2,4108.18,USD,2026-03-12 15:57:12.252994,failed
TXN_1072,USER_6,850.67,USD,2026-03-12 19:07:12.253002,success
TXN_1073,USER_54,1102.03,USD,2026-03-12 07:57:12.253011,failed
TXN_1074,USER_4,3132.17,EUR,2026-03-12 18:25:12.253019,success
TXN_1075,USER_54,4530.12,EUR,2026-03-12 08:22:12.253027,pending
TXN_1076,USER_93,1512.6,EUR,2026-03-12 08:03:12.253035,failed
TXN_1077,USER_63,2900.36,USD,2026-03-12 20:16:12.253046,failed
TXN_1078,USER_18,3383.21,USD,2026-03-12 19:39:12.253055,success
TXN_1079,USER_90,2204.94,USD,2026-03-12 09:11:12.253063,success
TXN_1080,USER_44,3540.29,USD,2026-03-12 10:48:12.253071,failed
TXN_1081,USER_34,4488.3,USD,2026-03-12 14:30:12.253079,success
TXN_1082,USER_74,3082.92,USD,2026-03-12 20:31:12.253105,pending
TXN_1083,USER_62,2652.88,USD,2026-03-12 12:11:12.253115,success
TXN_1084,USER_14,2137.6,INVALID,2026-03-12 10:37:12.253123,pending
TXN_1085,USER_95,2845.18,USD,2026-03-12 06:03:12.253131,pending
TXN_1086,USER_48,1712.35,USD,2026-03-12 09:00:12.253140,pending
TXN_1087,USER_15,1896.56,USD,2026-03-12 13:53:12.253148,pending
TXN_1088,USER_72,2612.47,EUR,2026-03-12 10:42:12.253156,pending
TXN_1089,USER_78,239.76,USD,2026-03-12 10:53:12.253165,success
TXN_1090,USER_87,1068.03,USD,2026-03-12 10:36:12.253173,pending
TXN_1091,USER_62,2668.53,USD,2026-03-12 19:20:12.253182,success
TXN_1092,USER_40,2100.79,USD,2026-03-12 10:01:12.253190,pending
TXN_1093,USER_85,1597.36,USD,2026-03-12 09:50:12.253210,failed
TXN_1094,USER_80,3625.8,EUR,2026-03-12 11:01:12.253221,pending
TXN_1095,USER_82,3437.96,USD,2026-03-12 15:14:12.253317,failed
TXN_1096,USER_53,750.33,USD,2026-03-12 20:01:12.253372,pending
TXN_1097,USER_24,4381.01,USD,2026-03-12 15:44:12.253401,pending
TXN_1098,USER_26,2426.66,USD,2026-03-12 05:43:12.253411,pending
TXN_1099,USER_89,,USD,2026-03-12 09:59:12.253420,failed
TXN_1100,USER_60,2823.07,USD,2026-03-12 13:54:12.253428,failed
TXN_1101,USER_41,4988.23,USD,2026-03-12 11:10:12.253437,pending
TXN_1102,USER_29,3737.26,USD,2026-03-12 21:42:12.253445,success
TXN_1103,USER_15,3505.6,USD,2026-03-12 21:20:12.253459,pending
TXN_1104,USER_45,3870.72,USD,2026-03-12 06:21:12.253475,failed
TXN_1105,USER_65,629.95,USD,2026-03-12 13:36:12.253484,pending
TXN_1106,USER_89,943.18,GBP,2026-03-12 09:39:12.253492,failed
TXN_1107,USER_71,3541.73,USD,2026-03-12 08:30:12.253500,failed
TXN_1108,USER_9,2419.31,USD,2026-03-12 11:37:12.253509,failed
TXN_1109,USER_88,3748.64,EUR,2026-03-12 22:03:12.253519,pending
TXN_1110,USER_1,424.87,USD,2026-03-12 13:27:12.253529,failed
TXN_1111,USER_8,2636.05,GBP,2026-03-12 10:15:12.253537,failed
TXN_1112,USER_88,1831.99,USD,2026-03-12 13:00:12.253545,pending
TXN_1113,USER_63,2230.7,INVALID,2026-03-12 16:02:12.253554,failed
TXN_1114,USER_11,2980.19,USD,2026-03-12 14:11:12.253562,pending
TXN_1115,USER_81,2461.67,USD,2026-03-12 06:02:12.253570,failed
TXN_1116,USER_8,2653.29,USD,2026-03-12 11:28:12.253579,success
TXN_1117,USER_35,2380.42,GBP,2026-03-12 18:27:12.253588,success
TXN_1118,USER_35,1985.67,EUR,2026-03-12 11:52:12.253615,failed
TXN_1119,USER_33,,USD,2026-03-12 17:08:12.253758,success
TXN_1120,USER_5,-37.76,USD,2026-03-12 14:38:12.253777,pending
TXN_1121,USER_41,2952.06,GBP,2026-03-12 19:35:12.253787,success
TXN_1122,USER_28,2784.09,USD,2026-03-12 16:44:12.253813,failed
TXN_1123,USER_7,3552.51,EUR,2026-03-12 09:19:12.253823,failed
TXN_1124,USER_73,2955.05,EUR,2026-03-12 18:30:12.253832,pending
TXN_1125,USER_72,4116.67,USD,2026-03-12 05:52:12.253848,failed
TXN_1126,USER_12,4791.28,USD,2026-03-12 10:06:12.253867,pending
TXN_1127,USER_34,1646.87,USD,2026-03-12 13:51:12.253878,success
TXN_1128,USER_33,1059.49,USD,2026-03-12 14:39:12.253886,success
TXN_1129,USER_48,2060.34,GBP,2026-03-12 21:30:12.253896,pending
TXN_1130,USER_23,1368.44,USD,2026-03-12 18:41:12.253904,pending
TXN_1131,USER_62,3036.25,GBP,2026-03-12 21:16:12.253912,failed
TXN_1132,USER_88,4550.45,USD,2026-03-12 11:31:12.253921,success
TXN_1133,USER_37,609.49,INVALID,2026-03-12 11:59:12.253929,pending
TXN_1134,USER_99,414.05,USD,2026-03-12 19:00:12.253937,success
TXN_1135,USER_44,1205.68,USD,2026-03-12 06:50:12.253946,pending
TXN_1136,USER_86,3603.09,USD,2026-03-12 14:06:12.253961,success
TXN_1137,USER_91,2924.11,EUR,2026-03-12 19:38:12.253970,failed
TXN_1138,USER_35,421.28,USD,2026-03-12 12:05:12.253978,success
TXN_1139,USER_65,4585.63,EUR,2026-03-12 18:29:12.253987,success
TXN_1140,USER_99,3929.43,USD,2026-03-12 15:23:12.253995,success
TXN_1141,USER_47,17.42,USD,2026-03-12 18:50:12.254003,success
TXN_1142,USER_78,3221.97,USD,2026-03-12 20:56:12.254012,success
TXN_1143,USER_3,3833.36,USD,2026-03-12 20:11:12.254020,failed
TXN_1144,USER_1,1809.62,USD,2026-03-12 14:24:12.254028,pending
TXN_1145,USER_5,251.5,INVALID,2026-03-12 06:35:12.254037,success
TXN_1146,USER_90,294.34,INVALID,2026-03-12 18:37:12.254045,failed
TXN_1147,USER_14,431.66,GBP,2026-03-12 13:39:12.254053,success
TXN_1148,USER_27,4186.24,EUR,2026-03-12 12:13:12.254062,success
TXN_1149,USER_9,4544.5,USD,2026-03-12 20:31:12.254070,pending
TXN_1150,USER_79,526.33,USD,2026-03-12 15:42:12.254079,success
TXN_1151,USER_15,1103.12,USD,2026-03-12 11:44:12.254088,failed
TXN_1152,USER_90,744.15,EUR,2026-03-12 11:30:12.254096,failed
TXN_1153,USER_42,850.24,USD,2026-03-12 08:31:12.254104,pending
TXN_1154,USER_77,4171.2,USD,2026-03-12 12:07:12.254112,success
TXN_1155,USER_51,1593.95,USD,2026-03-12 05:55:12.254121,failed
TXN_1156,USER_63,1488.37,USD,2026-03-12 15:01:12.254129,success
TXN_1157,USER_96,1059.72,GBP,2026-03-12 16:44:12.254138,success
TXN_1158,USER_52,3000.26,EUR,2026-03-12 19:52:12.254146,success
TXN_1159,USER_96,1834.46,USD,2026-03-12 08:55:12.254155,pending
TXN_1160,USER_4,3695.67,INVALID,2026-03-12 13:15:12.254163,success
TXN_1161,USER_94,948.46,USD,2026-03-12 17:37:12.254171,failed
TXN_1162,USER_23,3917.73,USD,2026-03-12 18:22:12.254180,success
TXN_1163,USER_15,2978.98,USD,2026-03-12 13:26:12.254188,failed
TXN_1164,USER_43,482.76,USD,2026-03-12 12:44:12.254196,success
TXN_1165,USER_29,2013.97,USD,2026-03-12 20:45:12.254204,failed
TXN_1166,USER_36,4303.94,INVALID,2026-03-12 14:03:12.254220,failed
TXN_1167,USER_13,4607.1,USD,2026-03-12 18:56:12.254244,success
TXN_1168,USER_32,2275.07,GBP,2026-03-12 16:13:12.254254,success
TXN_1169,USER_71,2352.27,USD,2026-03-12 14:54:12.254263,failed
TXN_1170,USER_59,4584.12,USD,2026-03-12 21:49:12.254271,pending
TXN_1171,USER_86,2894.05,USD,2026-03-12 21:50:12.254280,success
TXN_1172,USER_28,67.52,USD,2026-03-12 15:41:12.254288,pending
TXN_1173,USER_66,,USD,2026-03-12 13:48:12.254297,success
TXN_1174,USER_42,1165.95,GBP,2026-03-12 17:14:12.254306,success
TXN_1175,USER_45,2845.92,USD,2026-03-12 16:36:12.254314,success
TXN_1176,USER_62,744.12,USD,2026-03-12 17:48:12.254322,success
TXN_1177,USER_57,72.78,USD,2026-03-12 14:34:12.254331,pending
TXN_1178,USER_6,1488.51,USD,2026-03-12 10:42:12.254339,success
TXN_1179,USER_28,3880.53,USD,2026-03-12 14:39:12.254347,failed
TXN_1180,USER_28,1315.69,USD,2026-03-12 16:15:12.254356,failed
TXN_1181,USER_44,1022.5,USD,2026-03-12 21:07:12.254364,pending
TXN_1182,USER_84,984.67,USD,2026-03-12 07:52:12.254372,success
TXN_1183,USER_30,2527.39,USD,2026-03-12 15:23:12.254381,failed
TXN_1184,USER_62,4875.26,USD,2026-03-12 06:04:12.254389,pending
TXN_1185,USER_75,2240.84,USD,2026-03-12 14:04:12.254398,success
TXN_1186,USER_92,2742.26,USD,2026-03-12 08:22:12.254406,failed
TXN_1187,USER_89,4289.22,GBP,2026-03-12 21:26:12.254415,failed
TXN_1188,USER_62,2628.86,USD,2026-03-12 10:48:12.254423,pending
TXN_1189,USER_97,840.76,USD,2026-03-12 12:51:12.254431,success
TXN_1190,USER_1,1427.94,USD,2026-03-12 20:33:12.254440,success
TXN_1191,USER_27,,INVALID,2026-03-12 18:39:12.254449,failed
TXN_1192,USER_62,1926.32,USD,2026-03-12 14:57:12.254457,failed
TXN_1193,USER_77,2076.62,USD,2026-03-12 10:35:12.254465,failed
TXN_1194,USER_3,3978.89,GBP,2026-03-12 12:46:12.254474,success
TXN_1195,USER_70,1681.87,USD,2026-03-12 12:56:12.254482,pending
TXN_1196,USER_72,2287.98,USD,2026-03-12 19:36:12.254490,pending
TXN_1197,USER_27,3087.38,USD,2026-03-12 14:06:12.254499,success
TXN_1198,USER_9,1826.4,USD,2026-03-12 10:49:12.254507,pending
TXN_1199,USER_62,4166.48,INVALID,2026-03-12 18:13:12.254515,failed
TXN_1200,USER_37,2896.01,EUR,2026-03-12 09:01:12.254524,pending
TXN_1201,USER_97,1399.63,USD,2026-03-12 09:42:12.254538,pending
TXN_1202,USER_51,3541.7,USD,2026-03-12 07:33:12.254552,pending
TXN_1203,USER_44,2591.0,USD,2026-03-12 22:10:12.254560,failed
TXN_1204,USER_24,2625.73,USD,2026-03-12 12:19:12.254569,success
TXN_1205,USER_79,2353.55,EUR,2026-03-12 08:35:12.254577,failed
TXN_1206,USER_59,2434.76,USD,2026-03-12 16:14:12.254585,success
TXN_1207,USER_32,3803.32,USD,2026-03-12 14:36:12.254593,success
TXN_1208,USER_96,425.21,EUR,2026-03-12 18:07:12.254602,success
TXN_1209,USER_88,1605.25,USD,2026-03-12 12:49:12.254667,pending
TXN_1210,USER_52,285.07,USD,2026-03-12 11:02:12.254708,pending
TXN_1211,USER_62,3741.56,USD,2026-03-12 06:29:12.254720,success
TXN_1212,USER_58,1288.74,INVALID,2026-03-12 15:13:12.254728,success
TXN_1213,USER_52,4476.9,USD,2026-03-12 06:52:12.254737,pending
TXN_1214,USER_12,2585.55,USD,2026-03-12 09:57:12.254745,failed
TXN_1215,USER_39,3983.82,USD,2026-03-12 22:00:12.254753,success
TXN_1216,USER_2,4892.55,USD,2026-03-12 09:59:12.254762,failed
TXN_1217,USER_3,4182.92,EUR,2026-03-12 12:42:12.254771,pending
TXN_1218,USER_56,4321.67,EUR,2026-03-12 20:13:12.254780,success
TXN_1219,USER_81,1980.72,USD,2026-03-12 17:38:12.254788,failed
TXN_1220,USER_59,2713.79,USD,2026-03-12 12:57:12.254796,failed
TXN_1221,USER_2,1194.83,USD,2026-03-12 14:42:12.254805,failed
TXN_1222,USER_2,,USD,2026-03-12 15:45:12.254813,pending
TXN_1223,USER_92,2478.09,USD,2026-03-12 17:21:12.254822,pending
TXN_1224,USER_54,2934.75,GBP,2026-03-12 12:41:12.254838,failed
TXN_1225,USER_87,1630.28,USD,2026-03-12 12:17:12.254847,failed
TXN_1226,USER_96,,USD,2026-03-12 14:49:12.254855,pending
TXN_1227,USER_97,4426.05,USD,2026-03-12 18:45:12.254864,failed
TXN_1228,USER_1,2739.28,EUR,2026-03-12 12:25:12.254872,failed
TXN_1229,USER_19,3576.15,EUR,2026-03-12 10:21:12.254880,pending
TXN_1230,USER_2,,GBP,2026-03-12 17:13:12.254889,failed
TXN_1231,USER_53,4942.52,USD,2026-03-12 07:06:12.254897,failed
TXN_1232,USER_44,2976.31,USD,2026-03-12 18:32:12.254905,failed
TXN_1233,USER_90,4014.94,GBP,2026-03-12 10:01:12.254916,pending
TXN_1234,USER_32,4809.51,USD,2026-03-12 22:12:12.254924,failed
TXN_1235,USER_70,4716.49,USD,2026-03-12 05:45:12.254933,pending
TXN_1236,USER_32,619.52,EUR,2026-03-12 13:37:12.254941,pending
TXN_1237,USER_68,1972.6,EUR,2026-03-12 20:42:12.254950,success
TXN_1238,USER_55,1552.35,USD,2026-03-12 13:35:12.254958,success
TXN_1239,USER_75,343.32,USD,2026-03-12 15:07:12.254966,failed
TXN_1240,USER_56,3129.53,USD,2026-03-12 14:02:12.254975,pending
TXN_1241,USER_17,3653.11,USD,2026-03-12 18:20:12.254983,success
TXN_1242,USER_38,4225.45,USD,2026-03-12 11:55:12.254992,failed
TXN_1243,USER_24,526.16,EUR,2026-03-12 19:34:12.255000,success
TXN_1244,USER_69,4369.86,EUR,2026-03-12 10:14:12.255008,success
TXN_1245,USER_98,3178.92,EUR,2026-03-12 09:43:12.255016,pending
TXN_1246,USER_70,3490.13,USD,2026-03-12 16:44:12.255025,pending
TXN_1247,USER_86,4544.18,EUR,2026-03-12 16:42:12.255033,success
TXN_1248,USER_11,3086.28,EUR,2026-03-12 21:25:12.255042,success
TXN_1249,USER_16,,USD,2026-03-12 13:32:12.255060,pending
TXN_1250,USER_97,4108.05,EUR,2026-03-12 07:52:12.255079,failed
TXN_1251,USER_73,,EUR,2026-03-12 11:07:12.255089,pending
TXN_1252,USER_59,74.56,USD,2026-03-12 14:03:12.255098,success
TXN_1253,USER_70,4136.34,USD,2026-03-12 12:33:12.255120,failed
TXN_1254,USER_80,1660.48,USD,2026-03-12 10:54:12.255131,success
TXN_1255,USER_93,3846.56,USD,2026-03-12 17:43:12.255140,failed
TXN_1256,USER_3,1750.07,USD,2026-03-12 12:35:12.255148,success
TXN_1257,USER_20,4291.45,EUR,2026-03-12 07:48:12.255157,failed
TXN_1258,USER_59,1019.5,USD,2026-03-12 18:03:12.255166,failed
TXN_1259,USER_36,4870.19,USD,2026-03-12 12:55:12.255175,success
TXN_1260,USER_19,,USD,2026-03-12 10:39:12.255183,failed
TXN_1261,USER_90,482.61,USD,2026-03-12 08:23:12.255192,pending
TXN_1262,USER_67,2785.46,USD,2026-03-12 10:36:12.255201,success
TXN_1263,USER_19,4925.37,USD,2026-03-12 20:45:12.255210,pending
TXN_1264,USER_20,2302.43,USD,2026-03-12 14:49:12.255218,success
TXN_1265,USER_96,828.75,USD,2026-03-12 16:43:12.255227,failed
TXN_1266,USER_71,2372.37,USD,2026-03-12 19:56:12.255236,failed
TXN_1267,USER_52,2513.53,USD,2026-03-12 16:18:12.255244,failed
TXN_1268,USER_33,3682.6,GBP,2026-03-12 12:14:12.255253,success
TXN_1269,USER_40,3464.11,USD,2026-03-12 17:41:12.255262,pending
TXN_1270,USER_39,1953.01,EUR,2026-03-12 21:56:12.255271,pending
TXN_1271,USER_82,1011.92,USD,2026-03-12 05:52:12.255280,success
TXN_1272,USER_1,3189.78,USD,2026-03-12 17:04:12.255288,success
TXN_1273,USER_11,2050.69,EUR,2026-03-12 07:45:12.255297,pending
TXN_1274,USER_92,574.61,USD,2026-03-12 07:29:12.255314,pending
TXN_1275,USER_57,4492.92,USD,2026-03-12 05:57:12.255326,pending
TXN_1276,USER_89,3425.23,USD,2026-03-12 19:41:12.255334,pending
TXN_1277,USER_50,3384.24,USD,2026-03-12 15:45:12.255343,success
TXN_1278,USER_23,4095.18,USD,2026-03-12 17:55:12.255352,success
TXN_1279,USER_31,2601.27,USD,2026-03-12 11:55:12.255360,failed
TXN_1280,USER_94,4056.78,USD,2026-03-12 07:32:12.255369,pending
TXN_1281,USER_42,2440.26,USD,2026-03-12 08:58:12.255377,failed
TXN_1282,USER_99,242.59,USD,2026-03-12 12:44:12.255386,success
TXN_1283,USER_7,1966.77,EUR,2026-03-12 20:10:12.255394,success
TXN_1284,USER_16,2437.07,INVALID,2026-03-12 16:21:12.255403,failed
TXN_1285,USER_90,3573.03,USD,2026-03-12 17:42:12.255411,pending
TXN_1286,USER_60,443.55,EUR,2026-03-12 11:56:12.255419,pending
TXN_1287,USER_2,614.09,USD,2026-03-12 08:44:12.255428,pending
TXN_1288,USER_1,,USD,2026-03-12 18:10:12.255437,pending
TXN_1289,USER_48,,USD,2026-03-12 08:07:12.255445,failed
TXN_1290,USER_12,3634.14,EUR,2026-03-12 14:45:12.255453,failed
TXN_1291,USER_69,1178.73,USD,2026-03-12 06:45:12.255462,success
TXN_1292,USER_37,3128.8,USD,2026-03-12 18:08:12.255470,pending
TXN_1293,USER_32,2420.8,USD,2026-03-12 13:35:12.255479,pending
TXN_1294,USER_9,2823.8,EUR,2026-03-12 19:54:12.255487,pending
TXN_1295,USER_99,4174.35,EUR,2026-03-12 16:13:12.255495,failed
TXN_1296,USER_19,1962.35,EUR,2026-03-12 22:07:12.255504,pending
TXN_1297,USER_48,3831.65,USD,2026-03-12 14:17:12.255514,failed
TXN_1298,USER_80,2052.38,USD,2026-03-12 16:23:12.255523,pending
TXN_1299,USER_3,1704.74,USD,2026-03-12 05:39:12.255531,pending
TXN_1300,USER_20,4789.0,USD,2026-03-12 14:00:12.255539,success
TXN_1301,USER_24,840.29,USD,2026-03-12 12:09:12.255548,pending
TXN_1302,USER_54,360.72,USD,2026-03-12 08:22:12.255556,pending
TXN_1303,USER_33,3832.03,INVALID,2026-03-12 15:08:12.255565,success
TXN_1304,USER_24,248.07,EUR,2026-03-12 21:36:12.255573,failed
TXN_1305,USER_75,4169.1,EUR,2026-03-12 12:22:12.255582,failed
TXN_1306,USER_72,2129.69,INVALID,2026-03-12 19:08:12.255590,pending
TXN_1307,USER_36,4569.12,USD,2026-03-12 12:19:12.255599,failed
TXN_1308,USER_38,3579.82,USD,2026-03-12 12:15:12.255607,pending
TXN_1309,USER_84,3013.06,INVALID,2026-03-12 09:41:12.255616,success
TXN_1310,USER_99,4741.46,USD,2026-03-12 08:01:12.255624,success
TXN_1311,USER_89,1922.91,EUR,2026-03-12 20:42:12.255633,pending
TXN_1312,USER_99,4765.84,USD,2026-03-12 20:49:12.255642,success
TXN_1313,USER_25,588.51,USD,2026-03-12 21:31:12.255650,success
TXN_1314,USER_93,2367.15,USD,2026-03-12 19:58:12.255659,pending
TXN_1315,USER_18,1276.55,GBP,2026-03-12 15:14:12.255667,pending
TXN_1316,USER_82,2653.2,EUR,2026-03-12 21:01:12.255675,success
TXN_1317,USER_66,726.27,USD,2026-03-12 13:07:12.255684,failed
TXN_1318,USER_54,4191.8,GBP,2026-03-12 12:02:12.255692,failed
TXN_1319,USER_35,4216.68,USD,2026-03-12 05:47:12.255701,pending
TXN_1320,USER_80,4771.71,USD,2026-03-12 13:43:12.255709,pending
TXN_1321,USER_61,688.83,USD,2026-03-12 19:39:12.255725,failed
TXN_1322,USER_41,3079.0,USD,2026-03-12 06:37:12.255734,success
TXN_1323,USER_33,2318.61,USD,2026-03-12 18:00:12.255742,failed
TXN_1324,USER_68,1656.36,GBP,2026-03-12 19:24:12.255751,failed
TXN_1325,USER_33,1692.85,EUR,2026-03-12 05:54:12.255759,failed
TXN_1326,USER_14,2005.25,USD,2026-03-12 10:07:12.255767,failed
TXN_1327,USER_21,3495.12,USD,2026-03-12 19:25:12.255776,pending
TXN_1328,USER_48,2951.26,GBP,2026-03-12 09:31:12.255785,pending
TXN_1329,USER_20,2244.38,GBP,2026-03-12 07:43:12.255793,success
TXN_1330,USER_8,287.26,EUR,2026-03-12 16:53:12.255802,success
TXN_1331,USER_7,296.6,USD,2026-03-12 12:48:12.255810,success
TXN_1332,USER_67,-88.07,USD,2026-03-12 14:39:12.255818,success
TXN_1333,USER_17,4835.27,USD,2026-03-12 06:31:12.255827,failed
TXN_1334,USER_33,-73.21,USD,2026-03-12 12:12:12.255835,pending
TXN_1335,USER_48,425.78,USD,2026-03-12 09:05:12.255843,pending
TXN_1336,USER_76,1504.44,GBP,2026-03-12 12:02:12.255852,success
TXN_1337,USER_59,4017.89,USD,2026-03-12 19:40:12.255867,success
TXN_1338,USER_86,4806.7,USD,2026-03-12 07:26:12.255876,failed
TXN_1339,USER_22,3929.07,USD,2026-03-12 16:26:12.255885,failed
TXN_1340,USER_30,3421.86,USD,2026-03-12 14:44:12.255893,success
TXN_1341,USER_38,2558.63,USD,2026-03-12 07:39:12.255902,pending
TXN_1342,USER_51,342.2,USD,2026-03-12 11:22:12.255911,pending
TXN_1343,USER_54,4786.67,USD,2026-03-12 19:22:12.255920,pending
TXN_1344,USER_8,3767.8,EUR,2026-03-12 22:05:12.255928,success
TXN_1345,USER_27,3158.64,INVALID,2026-03-12 09:55:12.255937,pending
TXN_1346,USER_27,3771.08,USD,2026-03-12 17:50:12.255987,failed
TXN_1347,USER_98,3592.93,USD,2026-03-12 14:57:12.256004,failed
TXN_1348,USER_21,3149.88,EUR,2026-03-12 09:35:12.256013,success
TXN_1349,USER_30,4900.94,USD,2026-03-12 18:08:12.256022,failed
TXN_1350,USER_97,4507.16,USD,2026-03-12 11:08:12.256031,success
TXN_1351,USER_28,3197.99,GBP,2026-03-12 13:09:12.256040,pending
TXN_1352,USER_64,3435.19,USD,2026-03-12 13:56:12.256049,pending
TXN_1353,USER_97,163.14,USD,2026-03-12 20:06:12.256058,pending
TXN_1354,USER_69,3316.58,USD,2026-03-12 11:03:12.256067,failed
TXN_1355,USER_61,125.24,USD,2026-03-12 12:14:12.256076,success
TXN_1356,USER_48,,USD,2026-03-12 12:10:12.256084,pending
TXN_1357,USER_19,4996.7,EUR,2026-03-12 16:48:12.256093,success
TXN_1358,USER_4,2734.61,USD,2026-03-12 09:42:12.256102,pending
TXN_1359,USER_35,2313.37,USD,2026-03-12 08:20:12.256110,failed
TXN_1360,USER_64,1495.56,EUR,2026-03-12 05:55:12.256119,failed
TXN_1361,USER_49,514.67,USD,2026-03-12 15:31:12.256134,success
TXN_1362,USER_17,3628.22,USD,2026-03-12 11:46:12.256148,failed
TXN_1363,USER_44,882.26,GBP,2026-03-12 12:09:12.256163,failed
TXN_1364,USER_92,487.94,USD,2026-03-12 11:00:12.256176,success
TXN_1365,USER_30,2050.99,EUR,2026-03-12 12:04:12.256191,pending
TXN_1366,USER_93,3956.24,EUR,2026-03-12 11:50:12.256207,failed
TXN_1367,USER_46,3699.83,USD,2026-03-12 16:16:12.256221,success
TXN_1368,USER_6,179.9,USD,2026-03-12 12:12:12.256236,failed
TXN_1369,USER_99,2221.23,INVALID,2026-03-12 07:57:12.256252,failed
TXN_1370,USER_37,2564.42,USD,2026-03-12 10:17:12.256261,failed
TXN_1371,USER_24,3187.19,EUR,2026-03-12 21:58:12.256270,failed
TXN_1372,USER_93,,USD,2026-03-12 17:41:12.256278,success
TXN_1373,USER_46,1759.96,USD,2026-03-12 10:50:12.256287,success
TXN_1374,USER_53,2759.45,USD,2026-03-12 20:19:12.256296,success
TXN_1375,USER_95,2353.42,GBP,2026-03-12 07:54:12.256305,failed
TXN_1376,USER_99,4413.49,INVALID,2026-03-12 05:55:12.256314,failed
TXN_1377,USER_60,2604.35,USD,2026-03-12 10:42:12.256322,failed
TXN_1378,USER_97,2149.26,USD,2026-03-12 20:44:12.256331,success
TXN_1379,USER_63,1962.88,EUR,2026-03-12 20:53:12.256340,failed
TXN_1380,USER_85,2819.38,USD,2026-03-12 16:51:12.256349,pending
TXN_1381,USER_32,4000.28,USD,2026-03-12 06:14:12.256359,failed
TXN_1382,USER_87,2645.85,USD,2026-03-12 20:21:12.256368,pending
TXN_1383,USER_33,3274.44,USD,2026-03-12 09:26:12.256376,failed
TXN_1384,USER_67,3663.06,INVALID,2026-03-12 21:17:12.256385,success
TXN_1385,USER_18,2552.86,USD,2026-03-12 19:41:12.256394,failed
TXN_1386,USER_25,2076.77,USD,2026-03-12 07:38:12.256403,pending
TXN_1387,USER_95,4370.99,USD,2026-03-12 15:31:12.256412,pending
TXN_1388,USER_54,2029.28,EUR,2026-03-12 11:47:12.256420,failed
TXN_1389,USER_58,2255.91,USD,2026-03-12 08:00:12.256482,pending
TXN_1390,USER_67,4950.74,USD,2026-03-12 17:49:12.256522,pending
TXN_1391,USER_46,-98.79,USD,2026-03-12 17:00:12.256533,success
TXN_1392,USER_24,845.91,EUR,2026-03-12 10:20:12.256542,failed
TXN_1393,USER_32,1858.22,USD,2026-03-12 21:34:12.256551,failed
TXN_1394,USER_47,4656.21,USD,2026-03-12 20:30:12.256561,failed
TXN_1395,USER_86,257.15,USD,2026-03-12 07:14:12.256570,pending
TXN_1396,USER_23,-51.62,USD,2026-03-12 07:25:12.256578,failed
TXN_1397,USER_66,168.69,USD,2026-03-12 19:02:12.256587,failed
TXN_1398,USER_27,351.57,GBP,2026-03-12 15:34:12.256596,success
TXN_1399,USER_2,91.74,USD,2026-03-12 17:37:12.256605,success
TXN_1400,USER_90,2346.88,EUR,2026-03-12 16:21:12.256621,success
TXN_1401,USER_17,2861.86,USD,2026-03-12 09:46:12.256631,pending
TXN_1402,USER_33,1285.6,EUR,2026-03-12 06:38:12.256640,failed
TXN_1403,USER_9,1931.27,USD,2026-03-12 10:02:12.256648,success
TXN_1404,USER_43,367.67,USD,2026-03-12 12:35:12.256657,success
TXN_1405,USER_48,1615.49,INVALID,2026-03-12 10:26:12.256665,success
TXN_1406,USER_39,2564.85,EUR,2026-03-12 17:59:12.256674,failed
TXN_1407,USER_93,3634.59,USD,2026-03-12 11:24:12.256682,failed
TXN_1408,USER_42,-82.93,USD,2026-03-12 08:31:12.256691,failed
TXN_1409,USER_26,2283.28,GBP,2026-03-12 06:28:12.256700,pending
TXN_1410,USER_99,1414.71,USD,2026-03-12 11:14:12.256708,pending
TXN_1411,USER_50,4249.39,EUR,2026-03-12 20:36:12.256717,success
TXN_1412,USER_25,3549.32,EUR,2026-03-12 12:27:12.256725,failed
TXN_1413,USER_24,2904.45,USD,2026-03-12 17:33:12.256733,success
TXN_1414,USER_13,1314.05,USD,2026-03-12 07:32:12.256742,failed
TXN_1415,USER_60,4542.73,USD,2026-03-12 15:32:12.256750,failed
TXN_1416,USER_7,130.01,USD,2026-03-12 20:26:12.256761,failed
TXN_1417,USER_57,458.28,USD,2026-03-12 10:35:12.256775,pending
TXN_1418,USER_36,1897.31,GBP,2026-03-12 18:56:12.256797,pending
TXN_1419,USER_45,534.63,USD,2026-03-12 17:12:12.256821,failed
TXN_1420,USER_20,4777.72,EUR,2026-03-12 16:48:12.256836,success
TXN_1421,USER_65,3969.75,USD,2026-03-12 19:41:12.256850,failed
TXN_1422,USER_8,1220.81,USD,2026-03-12 13:03:12.256880,failed
TXN_1423,USER_16,2901.63,USD,2026-03-12 11:30:12.256898,success
TXN_1424,USER_14,4909.89,USD,2026-03-12 15:30:12.256920,failed
TXN_1425,USER_76,4409.41,USD,2026-03-12 14:33:12.256947,success
TXN_1426,USER_87,2964.07,USD,2026-03-12 20:03:12.256959,pending
TXN_1427,USER_15,4508.99,EUR,2026-03-12 09:04:12.256969,pending
TXN_1428,USER_92,4944.84,USD,2026-03-12 07:41:12.256977,success
TXN_1429,USER_98,3691.1,USD,2026-03-12 20:51:12.256986,pending
TXN_1430,USER_66,231.43,USD,2026-03-12 15:36:12.256994,pending
TXN_1431,USER_32,1948.06,USD,2026-03-12 09:41:12.257003,success
TXN_1432,USER_87,4172.91,USD,2026-03-12 11:47:12.257011,pending
TXN_1433,USER_63,1075.9,USD,2026-03-12 20:26:12.257020,failed
TXN_1434,USER_86,4136.28,USD,2026-03-12 18:34:12.257028,failed
TXN_1435,USER_51,513.73,USD,2026-03-12 07:11:12.257037,success
TXN_1436,USER_25,139.42,USD,2026-03-12 13:02:12.257045,pending
TXN_1437,USER_58,1858.86,EUR,2026-03-12 16:07:12.257054,failed
TXN_1438,USER_63,87.33,USD,2026-03-12 19:48:12.257062,failed
TXN_1439,USER_62,4782.08,USD,2026-03-12 20:23:12.257071,pending
TXN_1440,USER_22,4113.65,USD,2026-03-12 12:00:12.257079,pending
TXN_1441,USER_58,3983.93,USD,2026-03-12 12:57:12.257087,failed
TXN_1442,USER_58,3111.87,GBP,2026-03-12 06:51:12.257096,failed
TXN_1443,USER_86,1003.25,USD,2026-03-12 14:01:12.257104,success
TXN_1444,USER_49,2543.13,USD,2026-03-12 13:50:12.257113,success
TXN_1445,USER_52,2946.1,USD,2026-03-12 14:20:12.257121,failed
TXN_1446,USER_42,2577.66,USD,2026-03-12 08:19:12.257130,success
TXN_1447,USER_70,1227.19,USD,2026-03-12 07:25:12.257138,failed
TXN_1448,USER_15,2527.76,USD,2026-03-12 17:44:12.257147,failed
TXN_1449,USER_54,2405.05,GBP,2026-03-12 05:40:12.257157,success
TXN_1450,USER_60,4981.31,USD,2026-03-12 15:14:12.257173,success
TXN_1451,USER_97,4476.92,USD,2026-03-12 07:18:12.257195,pending
TXN_1452,USER_8,2263.24,USD,2026-03-12 10:28:12.257313,pending
TXN_1453,USER_53,3076.98,USD,2026-03-12 16:08:12.257347,pending
TXN_1454,USER_60,3714.15,USD,2026-03-12 17:35:12.257369,failed
TXN_1455,USER_5,77.81,EUR,2026-03-12 17:32:12.257386,success
TXN_1456,USER_68,4464.1,EUR,2026-03-12 21:35:12.257400,failed
TXN_1457,USER_6,4286.65,USD,2026-03-12 06:16:12.257416,success
TXN_1458,USER_96,2232.9,EUR,2026-03-12 19:06:12.257431,failed
TXN_1459,USER_94,1894.97,INVALID,2026-03-12 19:31:12.257447,pending
TXN_1460,USER_47,1292.09,GBP,2026-03-12 05:41:12.257461,pending
TXN_1461,USER_99,2331.05,USD,2026-03-12 05:46:12.257476,pending
TXN_1462,USER_55,126.32,EUR,2026-03-12 13:19:12.257490,failed
TXN_1463,USER_40,,USD,2026-03-12 13:19:12.257505,success
TXN_1464,USER_52,80.65,INVALID,2026-03-12 22:11:12.257520,success
TXN_1465,USER_16,1578.16,USD,2026-03-12 08:20:12.257535,pending
TXN_1466,USER_13,4651.11,USD,2026-03-12 17:25:12.257550,pending
TXN_1467,USER_30,3649.58,EUR,2026-03-12 06:22:12.257565,pending
TXN_1468,USER_19,1335.09,USD,2026-03-12 15:02:12.257580,pending
TXN_1469,USER_17,1188.51,INVALID,2026-03-12 14:24:12.257614,success
TXN_1470,USER_63,-74.08,INVALID,2026-03-12 19:14:12.257687,failed
TXN_1471,USER_19,3448.14,USD,2026-03-12 18:07:12.257714,failed
TXN_1472,USER_92,148.8,USD,2026-03-12 11:47:12.257731,failed
TXN_1473,USER_58,2616.27,USD,2026-03-12 17:36:12.257746,failed
TXN_1474,USER_55,4806.82,USD,2026-03-12 07:38:12.257774,pending
TXN_1475,USER_90,458.29,USD,2026-03-12 12:34:12.257793,pending
TXN_1476,USER_90,4461.85,EUR,2026-03-12 07:52:12.257808,pending
TXN_1477,USER_62,4956.52,USD,2026-03-12 18:01:12.257823,failed
TXN_1478,USER_23,213.74,USD,2026-03-12 19:14:12.257838,pending
TXN_1479,USER_9,4402.82,INVALID,2026-03-12 08:25:12.257853,pending
TXN_1480,USER_12,2532.0,USD,2026-03-12 10:54:12.257868,success
TXN_1481,USER_1,4523.22,USD,2026-03-12 08:30:12.257882,success
TXN_1482,USER_58,2813.73,GBP,2026-03-12 13:46:12.257897,pending
TXN_1483,USER_1,3276.77,USD,2026-03-12 09:34:12.257912,success
TXN_1484,USER_34,2673.27,EUR,2026-03-12 10:35:12.257927,success
TXN_1485,USER_96,4308.91,INVALID,2026-03-12 12:49:12.257943,pending
TXN_1486,USER_48,3642.94,GBP,2026-03-12 16:49:12.257958,pending
TXN_1487,USER_89,2558.43,USD,2026-03-12 16:18:12.257973,pending
TXN_1488,USER_1,,USD,2026-03-12 08:30:12.257988,pending
TXN_1489,USER_16,1150.96,USD,2026-03-12 11:25:12.258001,failed
TXN_1490,USER_61,702.44,EUR,2026-03-12 10:55:12.258009,failed
TXN_1491,USER_64,718.04,GBP,2026-03-12 15:44:12.258019,pending
TXN_1492,USER_63,1603.45,USD,2026-03-12 12:00:12.258027,success
TXN_1493,USER_69,1117.32,USD,2026-03-12 06:41:12.258036,pending
TXN_1494,USER_22,4643.46,USD,2026-03-12 20:50:12.258045,pending
TXN_1495,USER_93,439.75,USD,2026-03-12 16:58:12.258058,success
TXN_1496,USER_67,3464.85,EUR,2026-03-12 18:43:12.258066,failed
TXN_1497,USER_76,865.03,USD,2026-03-12 13:40:12.258075,pending
TXN_1498,USER_26,4396.35,GBP,2026-03-12 15:51:12.258083,pending
TXN_1499,USER_16,4802.71,EUR,2026-03-12 10:44:12.258091,failed
TXN_1500,USER_51,2273.9,USD,2026-03-12 16:33:12.258100,failed
TXN_1501,USER_86,4383.26,USD,2026-03-12 08:40:12.258108,success
TXN_1502,USER_57,-73.76,USD,2026-03-12 06:11:12.258117,failed
TXN_1503,USER_29,4081.73,USD,2026-03-12 05:47:12.258127,failed
TXN_1504,USER_78,1065.99,EUR,2026-03-12 08:11:12.258136,failed
TXN_1505,USER_92,4534.38,EUR,2026-03-12 21:37:12.258144,success
TXN_1506,USER_69,,EUR,2026-03-12 13:44:12.258152,failed
TXN_1507,USER_47,2736.53,USD,2026-03-12 15:15:12.258171,failed
TXN_1508,USER_94,3758.84,USD,2026-03-12 09:44:12.258180,success
TXN_1509,USER_62,1219.31,EUR,2026-03-12 19:26:12.258189,failed
TXN_1510,USER_69,884.98,USD,2026-03-12 06:10:12.258197,failed
TXN_1511,USER_76,328.9,USD,2026-03-12 07:06:12.258206,success
TXN_1512,USER_16,1564.81,USD,2026-03-12 16:32:12.258214,pending
TXN_1513,USER_90,2755.21,USD,2026-03-12 08:29:12.258223,success
TXN_1514,USER_90,490.8,USD,2026-03-12 17:09:12.258231,failed
TXN_1515,USER_48,1821.15,USD,2026-03-12 13:13:12.258239,failed
TXN_1516,USER_85,-53.73,INVALID,2026-03-12 10:33:12.258248,failed
TXN_1517,USER_39,4075.27,USD,2026-03-12 07:46:12.258314,success
TXN_1518,USER_33,555.09,USD,2026-03-12 13:18:12.258332,failed
TXN_1519,USER_94,1345.05,USD,2026-03-12 20:23:12.258342,failed
TXN_1520,USER_23,-6.02,GBP,2026-03-12 15:24:12.258351,success
TXN_1521,USER_10,2104.43,USD,2026-03-12 06:28:12.258361,pending
TXN_1522,USER_69,4184.62,USD,2026-03-12 18:49:12.258369,pending
TXN_1523,USER_34,1899.97,USD,2026-03-12 19:10:12.258378,failed
TXN_1524,USER_52,815.44,EUR,2026-03-12 15:53:12.258386,success
TXN_1525,USER_95,3743.86,USD,2026-03-12 13:59:12.258395,failed
TXN_1526,USER_10,3922.92,EUR,2026-03-12 15:56:12.258403,success
TXN_1527,USER_19,786.14,GBP,2026-03-12 21:28:12.258411,success
TXN_1528,USER_58,,USD,2026-03-12 07:29:12.258420,pending
TXN_1529,USER_96,4731.22,EUR,2026-03-12 09:55:12.258429,pending
TXN_1530,USER_1,748.53,USD,2026-03-12 13:04:12.258437,success
TXN_1531,USER_69,3832.02,GBP,2026-03-12 13:27:12.258445,failed
TXN_1532,USER_4,,USD,2026-03-12 13:51:12.258478,pending
TXN_1533,USER_16,2315.23,GBP,2026-03-12 21:53:12.258486,failed
TXN_1534,USER_24,195.39,USD,2026-03-12 18:42:12.258494,pending
TXN_1535,USER_80,280.94,USD,2026-03-12 17:05:12.258503,pending
TXN_1536,USER_2,4247.31,USD,2026-03-12 11:14:12.258511,failed
TXN_1537,USER_92,,USD,2026-03-12 06:07:12.258520,pending
TXN_1538,USER_32,3347.87,USD,2026-03-12 09:42:12.258528,pending
TXN_1539,USER_91,2174.39,USD,2026-03-12 17:43:12.258537,failed
TXN_1540,USER_84,3202.63,USD,2026-03-12 12:44:12.258545,pending
TXN_1541,USER_24,,USD,2026-03-12 08:56:12.258554,pending
TXN_1542,USER_12,1856.42,EUR,2026-03-12 06:37:12.258563,pending
TXN_1543,USER_50,234.69,USD,2026-03-12 18:53:12.258571,failed
TXN_1544,USER_35,4089.72,USD,2026-03-12 21:43:12.258580,success
TXN_1545,USER_33,1796.35,USD,2026-03-12 14:52:12.258588,failed
TXN_1546,USER_33,,USD,2026-03-12 19:33:12.258599,success
TXN_1547,USER_61,1187.79,INVALID,2026-03-12 09:28:12.258614,pending
TXN_1548,USER_51,-94.75,USD,2026-03-12 18:01:12.258639,success
TXN_1549,USER_43,710.59,EUR,2026-03-12 13:34:12.258661,failed
TXN_1550,USER_12,2289.55,INVALID,2026-03-12 05:58:12.258676,failed
TXN_1551,USER_67,4715.95,EUR,2026-03-12 11:24:12.258690,pending
TXN_1552,USER_65,421.19,USD,2026-03-12 14:15:12.258705,success
TXN_1553,USER_33,4256.47,EUR,2026-03-12 22:05:12.258720,pending
TXN_1554,USER_40,2587.82,INVALID,2026-03-12 10:09:12.258734,pending
TXN_1555,USER_74,4112.2,USD,2026-03-12 13:50:12.258749,failed
TXN_1556,USER_43,1421.71,USD,2026-03-12 09:10:12.258763,success
TXN_1557,USER_44,4183.73,USD,2026-03-12 08:19:12.258777,success
TXN_1558,USER_29,3841.4,USD,2026-03-12 12:55:12.258791,success
TXN_1559,USER_13,,USD,2026-03-12 14:59:12.258806,success
TXN_1560,USER_12,569.81,USD,2026-03-12 20:24:12.258820,pending
TXN_1561,USER_95,,USD,2026-03-12 19:42:12.258834,pending
TXN_1562,USER_46,4812.51,USD,2026-03-12 11:40:12.258849,failed
TXN_1563,USER_2,59.64,USD,2026-03-12 06:58:12.258864,pending
TXN_1564,USER_35,3629.48,USD,2026-03-12 07:46:12.258879,pending
TXN_1565,USER_87,4538.58,USD,2026-03-12 20:33:12.258894,failed
TXN_1566,USER_81,4272.54,USD,2026-03-12 09:42:12.258908,failed
TXN_1567,USER_90,4819.05,USD,2026-03-12 08:22:12.258922,failed
TXN_1568,USER_8,3776.48,EUR,2026-03-12 19:04:12.258939,pending
TXN_1569,USER_93,2155.72,USD,2026-03-12 10:06:12.258954,pending
TXN_1570,USER_26,1490.96,USD,2026-03-12 12:52:12.258969,failed
TXN_1571,USER_74,1535.79,EUR,2026-03-12 08:51:12.258985,failed
TXN_1572,USER_90,3594.56,USD,2026-03-12 20:54:12.258999,failed
TXN_1573,USER_34,3703.77,USD,2026-03-12 14:06:12.259015,pending
TXN_1574,USER_7,921.83,GBP,2026-03-12 07:20:12.259029,pending
TXN_1575,USER_68,4327.43,GBP,2026-03-12 20:47:12.259064,success
TXN_1576,USER_58,3546.11,USD,2026-03-12 19:01:12.259079,pending
TXN_1577,USER_75,2770.03,USD,2026-03-12 20:31:12.259094,pending
TXN_1578,USER_29,2304.82,INVALID,2026-03-12 09:12:12.259109,pending
TXN_1579,USER_36,2670.49,USD,2026-03-12 20:39:12.259123,failed
TXN_1580,USER_89,712.15,USD,2026-03-12 15:12:12.259137,pending
TXN_1581,USER_21,938.88,EUR,2026-03-12 07:24:12.259153,failed
TXN_1582,USER_36,364.94,USD,2026-03-12 18:57:12.259168,success
TXN_1583,USER_10,683.66,USD,2026-03-12 22:14:12.259184,success
TXN_1584,USER_73,2213.84,USD,2026-03-12 15:28:12.259201,failed
TXN_1585,USER_24,2604.81,EUR,2026-03-12 15:57:12.259216,failed
TXN_1586,USER_64,-8.9,USD,2026-03-12 19:28:12.259232,failed
TXN_1587,USER_99,3963.67,USD,2026-03-12 13:46:12.259248,pending
TXN_1588,USER_49,1400.26,USD,2026-03-12 11:37:12.259265,success
TXN_1589,USER_99,4550.36,USD,2026-03-12 17:02:12.259281,failed
TXN_1590,USER_36,4834.31,USD,2026-03-12 12:22:12.259296,pending
TXN_1591,USER_82,845.84,EUR,2026-03-12 15:17:12.259311,success
TXN_1592,USER_96,2256.7,USD,2026-03-12 09:32:12.259327,pending
TXN_1593,USER_24,-93.72,USD,2026-03-12 10:54:12.259357,success
TXN_1594,USER_23,2951.47,GBP,2026-03-12 14:18:12.259375,pending
TXN_1595,USER_62,2997.26,USD,2026-03-12 21:02:12.259391,success
TXN_1596,USER_96,1162.45,INVALID,2026-03-12 19:54:12.259436,success
TXN_1597,USER_37,2747.9,USD,2026-03-12 12:33:12.259470,pending
TXN_1598,USER_12,1050.25,USD,2026-03-12 17:53:12.259501,failed
TXN_1599,USER_55,720.21,USD,2026-03-12 16:35:12.259548,success
TXN_1600,USER_13,3222.75,GBP,2026-03-12 17:07:12.259595,failed
TXN_1601,USER_23,1562.22,USD,2026-03-12 18:10:12.259632,pending
TXN_1602,USER_89,2910.35,USD,2026-03-12 13:40:12.259659,failed
TXN_1603,USER_99,2109.56,USD,2026-03-12 16:38:12.259675,failed
TXN_1604,USER_30,4920.19,USD,2026-03-12 12:40:12.259691,failed
TXN_1605,USER_17,662.86,USD,2026-03-12 12:54:12.259706,failed
TXN_1606,USER_62,2269.45,GBP,2026-03-12 20:59:12.259721,failed
TXN_1607,USER_84,3370.33,USD,2026-03-12 07:35:12.259737,success
TXN_1608,USER_89,1917.28,EUR,2026-03-12 19:20:12.259752,success
TXN_1609,USER_86,4870.97,USD,2026-03-12 20:26:12.259766,success
TXN_1610,USER_13,3581.63,USD,2026-03-12 19:12:12.259780,pending
TXN_1611,USER_59,3250.62,USD,2026-03-12 19:03:12.259795,failed
TXN_1612,USER_19,3761.0,USD,2026-03-12 21:10:12.259810,success
TXN_1613,USER_49,4758.51,EUR,2026-03-12 08:06:12.259825,pending
TXN_1614,USER_12,4529.88,INVALID,2026-03-12 06:12:12.259842,success
TXN_1615,USER_61,3593.86,USD,2026-03-12 14:21:12.259858,success
TXN_1616,USER_19,3720.72,USD,2026-03-12 09:12:12.259873,failed
TXN_1617,USER_76,644.2,USD,2026-03-12 20:35:12.259912,pending
TXN_1618,USER_9,424.24,INVALID,2026-03-12 13:11:12.259945,failed
TXN_1619,USER_71,2811.61,USD,2026-03-12 07:51:12.259977,failed
TXN_1620,USER_28,-6.33,USD,2026-03-12 20:07:12.260001,success
TXN_1621,USER_78,2360.02,GBP,2026-03-12 14:43:12.260031,failed
TXN_1622,USER_95,972.78,USD,2026-03-12 07:01:12.260063,pending
TXN_1623,USER_52,1664.68,USD,2026-03-12 16:06:12.260135,failed
TXN_1624,USER_83,,USD,2026-03-12 08:04:12.260175,failed
TXN_1625,USER_16,4700.31,GBP,2026-03-12 21:32:12.260209,failed
TXN_1626,USER_69,269.32,USD,2026-03-12 07:31:12.260237,success
TXN_1627,USER_99,2624.64,USD,2026-03-12 15:16:12.260257,pending
TXN_1628,USER_12,4400.92,USD,2026-03-12 14:07:12.260272,success
TXN_1629,USER_25,320.79,USD,2026-03-12 20:57:12.260286,success
TXN_1630,USER_52,4105.02,USD,2026-03-12 08:29:12.260300,success
TXN_1631,USER_85,,USD,2026-03-12 08:54:12.260315,success
TXN_1632,USER_53,1542.68,USD,2026-03-12 17:45:12.260329,success
TXN_1633,USER_23,4885.08,USD,2026-03-12 11:01:12.260344,pending
TXN_1634,USER_16,924.38,USD,2026-03-12 10:34:12.260358,failed
TXN_1635,USER_57,3435.29,USD,2026-03-12 09:36:12.260372,success
TXN_1636,USER_39,,GBP,2026-03-12 07:15:12.260387,success
TXN_1637,USER_53,110.04,USD,2026-03-12 10:07:12.260433,pending
TXN_1638,USER_42,3318.97,EUR,2026-03-12 17:00:12.260468,pending
TXN_1639,USER_58,4752.9,EUR,2026-03-12 06:50:12.260512,failed
TXN_1640,USER_39,533.52,USD,2026-03-12 08:04:12.260554,pending
TXN_1641,USER_14,4470.73,USD,2026-03-12 07:13:12.260600,failed
TXN_1642,USER_95,2933.36,USD,2026-03-12 07:26:12.260632,success
TXN_1643,USER_5,,USD,2026-03-12 05:42:12.260649,success
TXN_1644,USER_35,3026.02,USD,2026-03-12 06:30:12.260663,failed
TXN_1645,USER_87,1424.06,USD,2026-03-12 19:27:12.260677,pending
TXN_1646,USER_93,4669.53,USD,2026-03-12 16:36:12.260691,failed
TXN_1647,USER_75,4731.49,EUR,2026-03-12 19:02:12.260705,pending
TXN_1648,USER_18,3089.05,USD,2026-03-12 14:42:12.260720,success
TXN_1649,USER_76,3895.46,EUR,2026-03-12 17:32:12.260734,pending
TXN_1650,USER_9,3022.52,USD,2026-03-12 16:39:12.260748,failed
TXN_1651,USER_74,2370.43,GBP,2026-03-12 15:45:12.260763,failed
TXN_1652,USER_58,3270.18,USD,2026-03-12 05:35:12.260778,success
TXN_1653,USER_17,2720.31,USD,2026-03-12 13:30:12.260792,pending
TXN_1654,USER_7,2947.13,USD,2026-03-12 18:15:12.260807,pending
TXN_1655,USER_46,3897.55,USD,2026-03-12 08:23:12.260821,pending
TXN_1656,USER_13,2352.61,USD,2026-03-12 06:17:12.260836,success
TXN_1657,USER_40,107.85,GBP,2026-03-12 14:12:12.260868,pending
TXN_1658,USER_42,736.4,USD,2026-03-12 11:16:12.260883,failed
TXN_1659,USER_9,2136.9,USD,2026-03-12 10:19:12.260905,pending
TXN_1660,USER_50,3596.62,EUR,2026-03-12 12:23:12.260943,success
TXN_1661,USER_27,2925.72,GBP,2026-03-12 07:24:12.260981,pending
TXN_1662,USER_66,3216.5,USD,2026-03-12 13:00:12.261023,pending
TXN_1663,USER_5,2344.32,USD,2026-03-12 14:37:12.261058,failed
TXN_1664,USER_29,3040.28,USD,2026-03-12 20:46:12.261111,pending
TXN_1665,USER_37,1577.99,USD,2026-03-12 11:15:12.261137,failed
TXN_1666,USER_38,2297.93,EUR,2026-03-12 20:40:12.261154,failed
TXN_1667,USER_83,3695.82,INVALID,2026-03-12 14:43:12.261168,success
TXN_1668,USER_8,4346.35,EUR,2026-03-12 15:07:12.261182,failed
TXN_1669,USER_65,2111.64,GBP,2026-03-12 19:44:12.261197,failed
TXN_1670,USER_86,122.67,USD,2026-03-12 13:41:12.261212,success
TXN_1671,USER_17,,EUR,2026-03-12 15:59:12.261250,failed
TXN_1672,USER_71,6.39,EUR,2026-03-12 21:53:12.261267,success
TXN_1673,USER_89,3231.64,USD,2026-03-12 07:32:12.261285,pending
TXN_1674,USER_45,1594.8,GBP,2026-03-12 17:02:12.261301,success
TXN_1675,USER_4,2666.64,USD,2026-03-12 05:38:12.261321,failed
TXN_1676,USER_36,2415.71,USD,2026-03-12 08:15:12.261345,success
TXN_1677,USER_70,,EUR,2026-03-12 13:36:12.261537,failed
TXN_1678,USER_31,1956.63,USD,2026-03-12 18:49:12.261595,pending
TXN_1679,USER_19,1024.86,USD,2026-03-12 06:23:12.261641,success
TXN_1680,USER_61,2033.84,USD,2026-03-12 16:00:12.261662,pending
TXN_1681,USER_54,938.25,USD,2026-03-12 14:44:12.261677,failed
TXN_1682,USER_39,4186.31,GBP,2026-03-12 11:49:12.261691,failed
TXN_1683,USER_91,788.39,USD,2026-03-12 09:11:12.261706,pending
TXN_1684,USER_74,4799.98,USD,2026-03-12 12:20:12.261720,success
TXN_1685,USER_90,2021.13,EUR,2026-03-12 19:16:12.261734,success
TXN_1686,USER_19,4215.85,USD,2026-03-12 18:45:12.261749,failed
TXN_1687,USER_39,3106.7,USD,2026-03-12 13:55:12.261764,pending
TXN_1688,USER_67,3650.29,USD,2026-03-12 14:31:12.261777,pending
TXN_1689,USER_45,3815.39,GBP,2026-03-12 08:15:12.261793,success
TXN_1690,USER_13,2474.71,USD,2026-03-12 20:11:12.261809,success
TXN_1691,USER_92,2670.83,USD,2026-03-12 05:42:12.261830,success
TXN_1692,USER_58,2521.38,USD,2026-03-12 20:22:12.261844,pending
TXN_1693,USER_20,2899.1,USD,2026-03-12 22:03:12.261859,success
TXN_1694,USER_92,49.91,USD,2026-03-12 20:09:12.261879,success
TXN_1695,USER_72,1917.13,USD,2026-03-12 12:50:12.261954,failed
TXN_1696,USER_61,2991.56,USD,2026-03-12 16:44:12.262019,success
TXN_1697,USER_39,2948.39,EUR,2026-03-12 07:14:12.262046,success
TXN_1698,USER_1,3944.08,USD,2026-03-12 17:32:12.262074,pending
TXN_1699,USER_3,3240.55,EUR,2026-03-12 19:55:12.262151,pending
TXN_1700,USER_77,4959.88,INVALID,2026-03-12 15:34:12.262176,failed
TXN_1701,USER_92,1347.66,EUR,2026-03-12 07:13:12.262217,success
TXN_1702,USER_62,1731.67,USD,2026-03-12 20:38:12.262234,failed
TXN_1703,USER_63,1857.62,USD,2026-03-12 13:38:12.262248,pending
TXN_1704,USER_25,2275.65,USD,2026-03-12 12:46:12.262263,failed
TXN_1705,USER_56,4163.59,USD,2026-03-12 06:51:12.262278,pending
TXN_1706,USER_33,1102.54,USD,2026-03-12 08:09:12.262293,failed
TXN_1707,USER_38,,GBP,2026-03-12 21:06:12.262308,failed
TXN_1708,USER_6,1967.08,EUR,2026-03-12 20:17:12.262338,success
TXN_1709,USER_58,2969.46,USD,2026-03-12 07:27:12.262355,failed
TXN_1710,USER_44,3125.96,USD,2026-03-12 21:16:12.262369,success
TXN_1711,USER_45,1801.53,EUR,2026-03-12 21:42:12.262384,success
TXN_1712,USER_32,2514.34,USD,2026-03-12 16:57:12.262405,success
TXN_1713,USER_45,2006.46,USD,2026-03-12 21:25:12.262431,success
TXN_1714,USER_61,252.58,GBP,2026-03-12 07:35:12.262442,failed
TXN_1715,USER_47,2129.54,USD,2026-03-12 14:06:12.262450,pending
TXN_1716,USER_21,,USD,2026-03-12 21:56:12.262459,pending
TXN_1717,USER_80,1965.61,USD,2026-03-12 10:09:12.262467,pending
TXN_1718,USER_85,2923.88,GBP,2026-03-12 18:58:12.262475,failed
TXN_1719,USER_75,2855.02,USD,2026-03-12 07:24:12.262483,success
TXN_1720,USER_36,3279.37,USD,2026-03-12 14:45:12.262491,pending
TXN_1721,USER_99,385.83,USD,2026-03-12 05:45:12.262500,failed
TXN_1722,USER_19,3225.83,USD,2026-03-12 12:56:12.262508,success
TXN_1723,USER_20,1491.96,USD,2026-03-12 10:56:12.262516,pending
TXN_1724,USER_57,1935.13,EUR,2026-03-12 14:43:12.262525,success
TXN_1725,USER_18,4275.73,USD,2026-03-12 17:26:12.262533,pending
TXN_1726,USER_47,-53.94,GBP,2026-03-12 19:54:12.262541,pending
TXN_1727,USER_49,,USD,2026-03-12 20:51:12.262549,pending
TXN_1728,USER_14,2953.44,USD,2026-03-12 10:41:12.262557,success
TXN_1729,USER_15,1922.96,USD,2026-03-12 15:44:12.262566,failed
TXN_1730,USER_31,1108.84,USD,2026-03-12 12:24:12.262574,success
TXN_1731,USER_1,1096.84,USD,2026-03-12 18:40:12.262582,pending
TXN_1732,USER_54,4406.92,USD,2026-03-12 13:29:12.262590,success
TXN_1733,USER_3,2154.32,USD,2026-03-12 18:40:12.262599,failed
TXN_1734,USER_16,1587.54,USD,2026-03-12 15:32:12.262607,success
TXN_1735,USER_87,2188.77,USD,2026-03-12 20:07:12.262615,failed
TXN_1736,USER_57,3313.89,EUR,2026-03-12 08:33:12.262623,failed
TXN_1737,USER_75,643.36,GBP,2026-03-12 14:18:12.262631,success
TXN_1738,USER_12,,USD,2026-03-12 09:35:12.262640,pending
TXN_1739,USER_74,2898.21,USD,2026-03-12 15:31:12.262648,failed
TXN_1740,USER_96,4737.78,USD,2026-03-12 21:46:12.262656,success
TXN_1741,USER_16,1187.89,USD,2026-03-12 09:03:12.262664,failed
TXN_1742,USER_72,1732.18,USD,2026-03-12 16:37:12.262673,pending
TXN_1743,USER_76,1834.73,EUR,2026-03-12 08:24:12.262681,success
TXN_1744,USER_24,2988.24,USD,2026-03-12 10:21:12.262689,success
TXN_1745,USER_28,1719.33,USD,2026-03-12 16:14:12.262697,success
TXN_1746,USER_8,2620.91,EUR,2026-03-12 12:46:12.262705,pending
TXN_1747,USER_92,3887.13,USD,2026-03-12 15:43:12.262714,failed
TXN_1748,USER_36,3497.47,EUR,2026-03-12 18:37:12.262722,success
TXN_1749,USER_90,2176.48,USD,2026-03-12 12:41:12.262730,failed
TXN_1750,USER_8,4307.5,USD,2026-03-12 11:06:12.262738,failed
TXN_1751,USER_58,2746.52,USD,2026-03-12 18:53:12.262747,pending
TXN_1752,USER_60,2653.52,USD,2026-03-12 21:58:12.262755,success
TXN_1753,USER_50,74.36,INVALID,2026-03-12 16:53:12.262764,failed
TXN_1754,USER_28,4932.13,USD,2026-03-12 13:37:12.262772,success
TXN_1755,USER_92,527.15,INVALID,2026-03-12 12:45:12.262780,success
TXN_1756,USER_41,1078.77,USD,2026-03-12 16:50:12.262788,pending
TXN_1757,USER_64,163.65,USD,2026-03-12 15:23:12.262796,success
TXN_1758,USER_27,3164.02,USD,2026-03-12 16:57:12.262804,success
TXN_1759,USER_63,1045.98,USD,2026-03-12 10:54:12.262813,failed
TXN_1760,USER_17,818.05,GBP,2026-03-12 06:10:12.262821,pending
TXN_1761,USER_73,351.63,USD,2026-03-12 20:53:12.262831,success
TXN_1762,USER_33,426.88,USD,2026-03-12 14:21:12.262851,failed
TXN_1763,USER_84,2881.82,USD,2026-03-12 14:27:12.262861,pending
TXN_1764,USER_77,3409.86,USD,2026-03-12 15:10:12.262869,pending
TXN_1765,USER_92,1926.63,USD,2026-03-12 06:30:12.262878,failed
TXN_1766,USER_29,2347.48,USD,2026-03-12 10:04:12.262886,failed
TXN_1767,USER_13,3398.44,EUR,2026-03-12 10:46:12.262894,failed
TXN_1768,USER_46,-11.36,USD,2026-03-12 18:51:12.262902,failed
TXN_1769,USER_35,1547.97,USD,2026-03-12 12:32:12.262911,failed
TXN_1770,USER_6,4862.8,USD,2026-03-12 15:48:12.262919,success
TXN_1771,USER_82,2858.57,USD,2026-03-12 09:17:12.262927,success
TXN_1772,USER_69,1196.55,INVALID,2026-03-12 20:37:12.262936,pending
TXN_1773,USER_47,2560.82,USD,2026-03-12 16:30:12.262944,success
TXN_1774,USER_25,1647.53,USD,2026-03-12 08:52:12.262952,success
TXN_1775,USER_66,2614.45,USD,2026-03-12 18:47:12.262961,success
TXN_1776,USER_10,541.28,USD,2026-03-12 13:41:12.262969,failed
TXN_1777,USER_56,576.84,USD,2026-03-12 11:39:12.262977,pending
TXN_1778,USER_30,632.07,INVALID,2026-03-12 09:03:12.262986,pending
TXN_1779,USER_5,4693.08,EUR,2026-03-12 12:29:12.262994,pending
TXN_1780,USER_33,3637.78,INVALID,2026-03-12 19:29:12.263003,pending
TXN_1781,USER_65,728.15,USD,2026-03-12 21:53:12.263013,success
TXN_1782,USER_18,860.58,USD,2026-03-12 19:41:12.263021,success
TXN_1783,USER_96,3627.23,USD,2026-03-12 06:36:12.263029,failed
TXN_1784,USER_49,696.44,USD,2026-03-12 14:56:12.263037,pending
TXN_1785,USER_11,1096.26,EUR,2026-03-12 17:20:12.263046,success
TXN_1786,USER_85,4813.07,USD,2026-03-12 18:36:12.263054,success
TXN_1787,USER_26,1202.06,EUR,2026-03-12 11:06:12.263062,failed
TXN_1788,USER_63,3274.32,EUR,2026-03-12 14:00:12.263071,failed
TXN_1789,USER_89,4891.02,USD,2026-03-12 18:25:12.263079,failed
TXN_1790,USER_86,1808.91,USD,2026-03-12 21:55:12.263088,success
TXN_1791,USER_59,-10.67,USD,2026-03-12 05:48:12.263096,success
TXN_1792,USER_27,1145.15,USD,2026-03-12 13:02:12.263104,failed
TXN_1793,USER_49,4137.47,EUR,2026-03-12 06:25:12.263113,pending
TXN_1794,USER_77,4309.51,USD,2026-03-12 19:47:12.263121,failed
TXN_1795,USER_33,3819.45,USD,2026-03-12 20:27:12.263129,failed
TXN_1796,USER_98,476.86,USD,2026-03-12 15:32:12.263138,failed
TXN_1797,USER_99,3957.1,INVALID,2026-03-12 12:19:12.263146,failed
TXN_1798,USER_1,4585.26,USD,2026-03-12 14:12:12.263154,success
TXN_1799,USER_21,2963.11,EUR,2026-03-12 16:08:12.263163,pending
TXN_1800,USER_55,4698.46,USD,2026-03-12 08:21:12.263171,failed
TXN_1801,USER_6,4116.88,EUR,2026-03-12 15:21:12.263180,pending
TXN_1802,USER_92,3301.55,EUR,2026-03-12 17:06:12.263188,pending
TXN_1803,USER_81,2843.64,USD,2026-03-12 08:53:12.263196,pending
TXN_1804,USER_69,1677.73,USD,2026-03-12 06:57:12.263204,failed
TXN_1805,USER_95,712.37,EUR,2026-03-12 08:20:12.263213,success
TXN_1806,USER_5,,USD,2026-03-12 20:01:12.263221,failed
TXN_1807,USER_3,1522.37,EUR,2026-03-12 10:16:12.263229,pending
TXN_1808,USER_53,4318.84,USD,2026-03-12 17:32:12.263238,pending
TXN_1809,USER_23,4966.02,GBP,2026-03-12 09:17:12.263246,success
TXN_1810,USER_53,3737.38,EUR,2026-03-12 21:02:12.263254,failed
TXN_1811,USER_37,361.46,GBP,2026-03-12 14:14:12.263263,pending
TXN_1812,USER_74,1372.3,USD,2026-03-12 16:23:12.263271,success
TXN_1813,USER_74,456.46,USD,2026-03-12 12:55:12.263279,pending
TXN_1814,USER_83,3217.61,USD,2026-03-12 16:49:12.263287,success
TXN_1815,USER_17,3802.47,USD,2026-03-12 09:50:12.263296,success
TXN_1816,USER_85,4620.94,USD,2026-03-12 14:52:12.263304,failed
TXN_1817,USER_78,2134.68,USD,2026-03-12 20:35:12.263312,pending
TXN_1818,USER_73,4497.02,EUR,2026-03-12 21:16:12.263321,failed
TXN_1819,USER_1,4377.24,USD,2026-03-12 13:47:12.263329,pending
TXN_1820,USER_51,1517.7,USD,2026-03-12 17:57:12.263337,failed
TXN_1821,USER_45,4331.39,USD,2026-03-12 15:22:12.263346,pending
TXN_1822,USER_77,1815.93,USD,2026-03-12 14:43:12.263354,failed
TXN_1823,USER_4,1414.03,USD,2026-03-12 21:10:12.263362,success
TXN_1824,USER_62,3210.28,INVALID,2026-03-12 12:20:12.263371,pending
TXN_1825,USER_65,1574.74,GBP,2026-03-12 19:41:12.263388,pending
TXN_1826,USER_32,3114.06,USD,2026-03-12 05:50:12.263404,success
TXN_1827,USER_34,3010.14,USD,2026-03-12 17:49:12.263412,failed
TXN_1828,USER_92,2773.54,EUR,2026-03-12 08:34:12.263421,pending
TXN_1829,USER_95,1840.14,USD,2026-03-12 20:56:12.263429,pending
TXN_1830,USER_72,2697.35,USD,2026-03-12 17:00:12.263437,failed
TXN_1831,USER_39,2942.08,USD,2026-03-12 11:13:12.263446,success
TXN_1832,USER_26,2683.0,USD,2026-03-12 06:28:12.263454,failed
TXN_1833,USER_34,2166.54,USD,2026-03-12 12:55:12.263462,failed
TXN_1834,USER_54,-25.2,USD,2026-03-12 06:58:12.263471,failed
TXN_1835,USER_3,2894.01,USD,2026-03-12 07:24:12.263479,pending
TXN_1836,USER_50,759.07,GBP,2026-03-12 18:07:12.263487,success
TXN_1837,USER_12,3177.14,USD,2026-03-12 09:05:12.263495,success
TXN_1838,USER_65,3772.66,EUR,2026-03-12 07:47:12.263504,failed
TXN_1839,USER_54,2452.27,GBP,2026-03-12 12:05:12.263512,pending
TXN_1840,USER_5,2666.05,USD,2026-03-12 15:21:12.263520,failed
TXN_1841,USER_94,4752.54,USD,2026-03-12 21:50:12.263528,pending
TXN_1842,USER_94,4220.55,USD,2026-03-12 17:31:12.263536,pending
TXN_1843,USER_57,4562.61,USD,2026-03-12 14:46:12.263545,pending
TXN_1844,USER_17,4050.21,EUR,2026-03-12 07:34:12.263553,pending
TXN_1845,USER_47,455.48,USD,2026-03-12 17:14:12.263561,success
TXN_1846,USER_23,659.86,INVALID,2026-03-12 21:07:12.263570,pending
TXN_1847,USER_79,2585.78,USD,2026-03-12 22:08:12.263584,pending
TXN_1848,USER_85,1154.96,USD,2026-03-12 08:38:12.263593,failed
TXN_1849,USER_14,2331.15,USD,2026-03-12 19:58:12.263602,failed
TXN_1850,USER_66,1911.26,USD,2026-03-12 19:31:12.263610,success
TXN_1851,USER_75,2702.01,USD,2026-03-12 20:52:12.263618,failed
TXN_1852,USER_51,3709.07,USD,2026-03-12 07:18:12.263626,pending
TXN_1853,USER_38,3549.0,USD,2026-03-12 11:25:12.263635,failed
TXN_1854,USER_64,2558.29,USD,2026-03-12 15:15:12.263643,success
TXN_1855,USER_98,4094.21,INVALID,2026-03-12 21:02:12.263678,failed
TXN_1856,USER_38,2097.4,USD,2026-03-12 18:18:12.263686,failed
TXN_1857,USER_50,4473.24,EUR,2026-03-12 21:29:12.263694,success
TXN_1858,USER_98,263.53,EUR,2026-03-12 11:57:12.263701,success
TXN_1859,USER_82,4768.77,GBP,2026-03-12 06:47:12.263709,pending
TXN_1860,USER_30,3238.93,USD,2026-03-12 08:55:12.263717,failed
TXN_1861,USER_79,1838.38,GBP,2026-03-12 17:53:12.263725,pending
TXN_1862,USER_91,905.49,USD,2026-03-12 19:19:12.263794,failed
TXN_1863,USER_51,2343.83,USD,2026-03-12 19:29:12.263815,failed
TXN_1864,USER_63,892.25,USD,2026-03-12 11:18:12.263824,pending
TXN_1865,USER_98,748.29,EUR,2026-03-12 08:13:12.263832,failed
TXN_1866,USER_52,3048.49,USD,2026-03-12 16:05:12.263840,failed
TXN_1867,USER_38,2567.73,EUR,2026-03-12 09:00:12.263848,failed
TXN_1868,USER_97,3317.49,USD,2026-03-12 21:21:12.263856,success
TXN_1869,USER_88,4640.99,EUR,2026-03-12 10:45:12.263863,pending
TXN_1870,USER_79,2614.53,INVALID,2026-03-12 15:16:12.263871,success
TXN_1871,USER_30,2862.75,USD,2026-03-12 09:39:12.263879,pending
TXN_1872,USER_51,357.09,INVALID,2026-03-12 13:48:12.263887,pending
TXN_1873,USER_81,3559.94,USD,2026-03-12 16:34:12.263895,failed
TXN_1874,USER_5,1939.52,USD,2026-03-12 20:08:12.263902,pending
TXN_1875,USER_29,4881.3,USD,2026-03-12 15:26:12.263910,success
TXN_1876,USER_4,,USD,2026-03-12 06:51:12.263918,success
TXN_1877,USER_10,2564.65,USD,2026-03-12 16:08:12.263926,success
TXN_1878,USER_56,528.44,USD,2026-03-12 17:44:12.263933,pending
TXN_1879,USER_17,4283.02,USD,2026-03-12 11:31:12.263941,success
TXN_1880,USER_74,3978.88,GBP,2026-03-12 12:10:12.263949,pending
TXN_1881,USER_17,841.38,EUR,2026-03-12 15:56:12.263957,success
TXN_1882,USER_84,1405.92,EUR,2026-03-12 21:02:12.263965,success
TXN_1883,USER_88,,GBP,2026-03-12 06:52:12.263973,pending
TXN_1884,USER_69,844.67,EUR,2026-03-12 06:53:12.263980,success
TXN_1885,USER_34,4580.54,USD,2026-03-12 07:00:12.263988,failed
TXN_1886,USER_6,2065.09,USD,2026-03-12 18:07:12.263996,pending
TXN_1887,USER_53,343.9,EUR,2026-03-12 07:55:12.264004,pending
TXN_1888,USER_66,4060.32,USD,2026-03-12 09:10:12.264011,pending
TXN_1889,USER_77,1804.9,USD,2026-03-12 21:32:12.264019,failed
TXN_1890,USER_43,2585.15,USD,2026-03-12 15:58:12.264027,pending
TXN_1891,USER_75,472.75,USD,2026-03-12 21:34:12.264035,success
TXN_1892,USER_23,-86.82,USD,2026-03-12 19:25:12.264043,success
TXN_1893,USER_55,3153.72,USD,2026-03-12 06:29:12.264050,success
TXN_1894,USER_80,2527.39,USD,2026-03-12 18:43:12.264058,pending
TXN_1895,USER_95,2927.05,USD,2026-03-12 14:02:12.264066,success
TXN_1896,USER_75,,USD,2026-03-12 10:55:12.264074,pending
TXN_1897,USER_16,,USD,2026-03-12 21:36:12.264082,success
TXN_1898,USER_8,791.34,GBP,2026-03-12 16:06:12.264089,failed
TXN_1899,USER_4,1739.94,USD,2026-03-12 09:38:12.264097,failed
TXN_1900,USER_4,4520.04,USD,2026-03-12 19:44:12.264105,failed
TXN_1901,USER_56,3826.72,EUR,2026-03-12 20:24:12.264113,failed
TXN_1902,USER_25,2738.85,USD,2026-03-12 14:15:12.264120,pending
TXN_1903,USER_67,1203.79,USD,2026-03-12 14:59:12.264128,success
TXN_1904,USER_96,1440.51,USD,2026-03-12 21:28:12.264136,failed
TXN_1905,USER_67,3632.99,EUR,2026-03-12 12:40:12.264144,pending
TXN_1906,USER_27,4240.99,USD,2026-03-12 09:58:12.264151,failed
TXN_1907,USER_93,3324.27,USD,2026-03-12 16:09:12.264159,failed
TXN_1908,USER_32,,GBP,2026-03-12 21:06:12.264167,pending
TXN_1909,USER_50,3809.95,USD,2026-03-12 17:16:12.264176,pending
TXN_1910,USER_61,663.49,USD,2026-03-12 06:31:12.264184,success
TXN_1911,USER_51,2062.12,USD,2026-03-12 08:53:12.264192,success
TXN_1912,USER_19,680.22,USD,2026-03-12 17:19:12.264199,failed
TXN_1913,USER_21,1099.7,USD,2026-03-12 18:52:12.264207,failed
TXN_1914,USER_5,4333.22,USD,2026-03-12 21:14:12.264215,success
TXN_1915,USER_82,2311.75,EUR,2026-03-12 06:29:12.264223,success
TXN_1916,USER_92,,USD,2026-03-12 06:12:12.264235,pending
TXN_1917,USER_42,,USD,2026-03-12 08:25:12.264248,success
TXN_1918,USER_61,1492.59,USD,2026-03-12 17:01:12.264256,success
TXN_1919,USER_22,1074.26,USD,2026-03-12 19:34:12.264263,failed
TXN_1920,USER_21,,USD,2026-03-12 16:44:12.264271,success
TXN_1921,USER_70,,EUR,2026-03-12 13:27:12.264279,failed
TXN_1922,USER_1,1210.11,USD,2026-03-12 16:37:12.264287,success
TXN_1923,USER_5,3123.28,EUR,2026-03-12 12:09:12.264295,pending
TXN_1924,USER_12,198.12,GBP,2026-03-12 17:11:12.264303,success
TXN_1925,USER_90,623.05,USD,2026-03-12 13:52:12.264310,success
TXN_1926,USER_46,1300.16,EUR,2026-03-12 11:25:12.264326,success
TXN_1927,USER_34,2944.94,USD,2026-03-12 16:37:12.264343,failed
TXN_1928,USER_49,3346.79,USD,2026-03-12 13:05:12.264352,pending
TXN_1929,USER_78,2157.86,USD,2026-03-12 11:36:12.264360,success
TXN_1930,USER_90,2173.53,USD,2026-03-12 17:40:12.264368,failed
TXN_1931,USER_45,3595.04,USD,2026-03-12 19:31:12.264376,pending
TXN_1932,USER_27,-19.31,USD,2026-03-12 14:52:12.264383,failed
TXN_1933,USER_73,1639.56,USD,2026-03-12 16:56:12.264406,failed
TXN_1934,USER_26,4075.41,USD,2026-03-12 12:26:12.264416,pending
TXN_1935,USER_47,2976.42,USD,2026-03-12 13:51:12.264424,success
TXN_1936,USER_86,1619.86,GBP,2026-03-12 10:49:12.264431,failed
TXN_1937,USER_56,,EUR,2026-03-12 15:48:12.264440,failed
TXN_1938,USER_94,3840.38,USD,2026-03-12 06:05:12.264447,success
TXN_1939,USER_63,1250.97,USD,2026-03-12 07:45:12.264455,success
TXN_1940,USER_48,3190.98,GBP,2026-03-12 08:22:12.264463,pending
TXN_1941,USER_61,2938.33,EUR,2026-03-12 07:27:12.264471,pending
TXN_1942,USER_81,1946.06,EUR,2026-03-12 12:12:12.264479,pending
TXN_1943,USER_26,1771.48,USD,2026-03-12 09:45:12.264487,success
TXN_1944,USER_36,,USD,2026-03-12 09:19:12.264494,failed
TXN_1945,USER_1,3047.49,USD,2026-03-12 10:44:12.264502,failed
TXN_1946,USER_8,2156.29,USD,2026-03-12 14:01:12.264510,pending
TXN_1947,USER_99,4142.5,EUR,2026-03-12 14:05:12.264524,success
TXN_1948,USER_52,3314.97,EUR,2026-03-12 10:14:12.264535,failed
TXN_1949,USER_79,256.65,USD,2026-03-12 21:02:12.264543,pending
TXN_1950,USER_47,3164.86,GBP,2026-03-12 13:46:12.264551,failed
TXN_1951,USER_56,1282.85,USD,2026-03-12 15:45:12.264559,failed
TXN_1952,USER_86,2923.34,USD,2026-03-12 11:56:12.264567,success
TXN_1953,USER_14,3368.67,USD,2026-03-12 07:58:12.264574,success
TXN_1954,USER_90,1077.23,GBP,2026-03-12 17:20:12.264582,failed
TXN_1955,USER_28,2229.98,USD,2026-03-12 16:06:12.264590,pending
TXN_1956,USER_87,870.66,GBP,2026-03-12 06:19:12.264598,success
TXN_1957,USER_78,166.93,EUR,2026-03-12 08:59:12.264605,failed
TXN_1958,USER_88,1830.23,USD,2026-03-12 07:50:12.264613,success
TXN_1959,USER_2,1751.02,USD,2026-03-12 10:41:12.264621,success
TXN_1960,USER_26,4976.95,GBP,2026-03-12 13:06:12.264629,success
TXN_1961,USER_14,2176.4,USD,2026-03-12 11:26:12.264636,failed
TXN_1962,USER_59,1601.2,GBP,2026-03-12 08:05:12.264644,pending
TXN_1963,USER_56,2860.42,GBP,2026-03-12 12:47:12.264652,pending
TXN_1964,USER_7,352.71,USD,2026-03-12 19:08:12.264660,pending
TXN_1965,USER_3,4804.5,USD,2026-03-12 08:02:12.264667,success
TXN_1966,USER_23,3138.3,GBP,2026-03-12 09:25:12.264675,failed
TXN_1967,USER_18,3749.67,USD,2026-03-12 14:50:12.264683,success
TXN_1968,USER_38,769.44,USD,2026-03-12 12:45:12.264690,pending
TXN_1969,USER_99,1988.34,USD,2026-03-12 16:12:12.264698,pending
TXN_1970,USER_15,2055.71,USD,2026-03-12 20:12:12.264706,failed
TXN_1971,USER_64,4091.21,GBP,2026-03-12 19:07:12.264713,success
TXN_1972,USER_89,,EUR,2026-03-12 09:53:12.264721,pending
TXN_1973,USER_28,1434.35,USD,2026-03-12 10:55:12.264730,failed
TXN_1974,USER_74,4904.31,USD,2026-03-12 15:15:12.264745,success
TXN_1975,USER_39,2321.92,USD,2026-03-12 11:49:12.264753,success
TXN_1976,USER_57,1850.88,GBP,2026-03-12 18:03:12.264761,pending
TXN_1977,USER_17,511.13,USD,2026-03-12 11:56:12.264768,pending
TXN_1978,USER_86,4868.24,USD,2026-03-12 13:06:12.264776,success
TXN_1979,USER_90,2.13,USD,2026-03-12 16:40:12.264784,success
TXN_1980,USER_44,3659.62,USD,2026-03-12 20:43:12.264792,pending
TXN_1981,USER_25,3819.86,GBP,2026-03-12 13:25:12.264800,success
TXN_1982,USER_17,1142.65,USD,2026-03-12 07:49:12.264807,pending
TXN_1983,USER_13,3324.95,USD,2026-03-12 21:12:12.264815,success
TXN_1984,USER_84,373.94,USD,2026-03-12 11:13:12.264823,pending
TXN_1985,USER_25,1210.94,INVALID,2026-03-12 13:43:12.264840,failed
TXN_1986,USER_68,3918.3,USD,2026-03-12 19:56:12.264848,pending
TXN_1987,USER_10,4309.9,USD,2026-03-12 10:37:12.264856,pending
TXN_1988,USER_67,3003.28,USD,2026-03-12 19:10:12.264864,failed
TXN_1989,USER_18,2484.88,GBP,2026-03-12 18:50:12.264871,success
TXN_1990,USER_86,712.45,USD,2026-03-12 09:23:12.264879,failed
TXN_1991,USER_34,221.86,USD,2026-03-12 18:41:12.264887,pending
TXN_1992,USER_8,500.01,USD,2026-03-12 17:59:12.264895,success
TXN_1993,USER_40,1059.52,EUR,2026-03-12 20:00:12.264902,failed
TXN_1994,USER_83,1642.54,USD,2026-03-12 12:42:12.264910,success
TXN_1995,USER_42,1842.64,GBP,2026-03-12 07:40:12.264918,success
TXN_1996,USER_41,1666.24,USD,2026-03-12 08:33:12.264926,failed
TXN_1997,USER_6,1119.18,USD,2026-03-12 20:47:12.264933,success
TXN_1998,USER_52,2499.59,USD,2026-03-12 08:19:12.264941,failed
TXN_1999,USER_26,4108.96,EUR,2026-03-12 05:47:12.264949,pending
TXN_1000,USER_52,,USD,2026-03-12 11:26:12.251848,failed
TXN_1001,USER_93,1146.2,GBP,2026-03-12 16:46:12.252172,success
TXN_1002,USER_15,2441.06,GBP,2026-03-12 19:29:12.252200,failed
TXN_1003,USER_72,1584.78,USD,2026-03-12 14:36:12.252211,failed
TXN_1004,USER_61,4661.83,EUR,2026-03-12 08:33:12.252220,pending
TXN_1005,USER_21,-61.57,USD,2026-03-12 06:23:12.252230,pending
TXN_1006,USER_83,1049.2,USD,2026-03-12 05:53:12.252250,pending
TXN_1007,USER_87,1763.32,USD,2026-03-12 05:42:12.252259,success
TXN_1008,USER_75,2387.83,USD,2026-03-12 20:35:12.252267,success
TXN_1009,USER_75,4239.17,USD,2026-03-12 11:54:12.252276,pending
